{"initial_reset_timestamp": 1560641744.952798, "timestamps": [1560641750.7322319, 1560641756.3502982, 1560641756.4755, 1560641756.5031428, 1560641756.518666, 1560641756.546381, 1560641756.560241, 1560641756.58773, 1560641762.139132, 1560641762.250149, 1560641762.27835, 1560641762.288235, 1560641762.300383, 1560641762.3110888, 1560641762.338825, 1560641762.365728, 1560641762.379231, 1560641762.405888, 1560641762.4162712, 1560641762.429151, 1560641762.4404411, 1560641762.461958, 1560641762.474324, 1560641762.501139, 1560641762.527592, 1560641762.55411, 1560641762.580723, 1560641768.088601, 1560641768.2170901, 1560641768.2462652, 1560641768.2572732, 1560641768.2855911, 1560641768.314044, 1560641768.3246698, 1560641768.3523042, 1560641768.3802729, 1560641768.408297, 1560641768.436897, 1560641768.4651031, 1560641768.475792, 1560641768.487544, 1560641768.5152268, 1560641768.542793, 1560641768.570626, 1560641768.598379, 1560641768.626396, 1560641768.6544561, 1560641768.6820438, 1560641768.709517, 1560641768.737623, 1560641768.7526479, 1560641768.76317, 1560641768.7909288, 1560641768.803638, 1560641768.831249, 1560641768.858897, 1560641768.8691468, 1560641768.896731, 1560641768.9243698, 1560641768.935333, 1560641768.946719, 1560641768.9624782, 1560641768.990012, 1560641769.017524, 1560641773.104355, 1560641773.233118, 1560641773.25212, 1560641773.279954, 1560641773.290261, 1560641773.318219, 1560641773.345948, 1560641773.3740082, 1560641773.402668, 1560641773.4313889, 1560641773.4593139, 1560641773.471775, 1560641773.482591, 1560641773.5102441, 1560641773.538024, 1560641773.548672, 1560641773.5769868, 1560641773.609259, 1560641773.640317, 1560641773.668697, 1560641773.680354, 1560641773.6978781, 1560641773.7075891, 1560641773.735142, 1560641773.7630239, 1560641773.790785, 1560641773.818829, 1560641773.847971, 1560641773.865665, 1560641773.90731, 1560641773.941296, 1560641773.95279, 1560641773.9805498, 1560641774.0082402, 1560641774.037513, 1560641774.065669], "episode_lengths": [200, 200, 200, 200, 112, 200, 100, 200, 200, 99, 200, 70, 86, 76, 200, 200, 101, 200, 78, 96, 85, 163, 92, 200, 200, 200, 200, 200, 200, 200, 78, 200, 200, 76, 200, 200, 200, 200, 200, 76, 84, 200, 200, 200, 200, 200, 200, 200, 200, 200, 106, 76, 200, 91, 200, 200, 74, 200, 200, 79, 82, 112, 200, 200, 142, 200, 138, 200, 73, 200, 200, 200, 200, 200, 200, 90, 78, 200, 200, 76, 200, 200, 200, 200, 84, 124, 68, 200, 200, 200, 200, 200, 88, 200, 200, 82, 200, 200, 200, 200], "episode_rewards": [200.0, 200.0, 200.0, 200.0, 112.0, 200.0, 100.0, 200.0, 200.0, 99.0, 200.0, 70.0, 86.0, 76.0, 200.0, 200.0, 101.0, 200.0, 78.0, 96.0, 85.0, 163.0, 92.0, 200.0, 200.0, 200.0, 200.0, 200.0, 200.0, 200.0, 78.0, 200.0, 200.0, 76.0, 200.0, 200.0, 200.0, 200.0, 200.0, 76.0, 84.0, 200.0, 200.0, 200.0, 200.0, 200.0, 200.0, 200.0, 200.0, 200.0, 106.0, 76.0, 200.0, 91.0, 200.0, 200.0, 74.0, 200.0, 200.0, 79.0, 82.0, 112.0, 200.0, 200.0, 142.0, 200.0, 138.0, 200.0, 73.0, 200.0, 200.0, 200.0, 200.0, 200.0, 200.0, 90.0, 78.0, 200.0, 200.0, 76.0, 200.0, 200.0, 200.0, 200.0, 84.0, 124.0, 68.0, 200.0, 200.0, 200.0, 200.0, 200.0, 88.0, 200.0, 200.0, 82.0, 200.0, 200.0, 200.0, 200.0], "episode_types": ["t", "t", "t", "t", "t", "t", "t", "t", "t", "t", "t", "t", "t", "t", "t", "t", "t", "t", "t", "t", "t", "t", "t", "t", "t", "t", "t", "t", "t", "t", "t", "t", "t", "t", "t", "t", "t", "t", "t", "t", "t", "t", "t", "t", "t", "t", "t", "t", "t", "t", "t", "t", "t", "t", "t", "t", "t", "t", "t", "t", "t", "t", "t", "t", "t", "t", "t", "t", "t", "t", "t", "t", "t", "t", "t", "t", "t", "t", "t", "t", "t", "t", "t", "t", "t", "t", "t", "t", "t", "t", "t", "t", "t", "t", "t", "t", "t", "t", "t", "t"]}