{"initial_reset_timestamp": 1560780365.438323, "timestamps": [1560780372.3024004], "episode_lengths": [200], "episode_rewards": [-200.0], "episode_types": ["t", "t"]}