{"initial_reset_timestamp": 1559917096.36332, "timestamps": [1559917105.313337, 1559917112.1010408, 1559917112.1957023, 1559917112.2139509, 1559917112.2317498, 1559917112.2507899, 1559917112.2685719, 1559917112.2864146, 1559917118.9848502, 1559917119.073913, 1559917119.0918765, 1559917119.1100757, 1559917119.1287088, 1559917119.1466753, 1559917119.16442, 1559917119.1823785, 1559917119.2001028, 1559917119.2192929, 1559917119.2371354, 1559917119.2548668, 1559917119.2728763, 1559917119.2911417, 1559917119.3091807, 1559917119.3269148, 1559917119.34534, 1559917119.3639977, 1559917119.382429, 1559917126.1093996, 1559917126.1784296, 1559917126.1976733, 1559917126.215758, 1559917126.2337759, 1559917126.2515805, 1559917126.2701185, 1559917126.2880147, 1559917126.3059957, 1559917126.3237455, 1559917126.3421519, 1559917126.360254, 1559917126.3783035, 1559917126.3963284, 1559917126.4153166, 1559917126.4331396, 1559917126.451191, 1559917126.4690723, 1559917126.4872072, 1559917126.5055733, 1559917126.523232, 1559917126.5412078, 1559917126.5595884, 1559917126.5776672, 1559917126.5956447, 1559917126.6132963, 1559917126.631079, 1559917126.6508396, 1559917126.6688745, 1559917126.6869273, 1559917126.7050753, 1559917126.7232592, 1559917126.74142, 1559917126.759761, 1559917126.7779772, 1559917126.7963443, 1559917126.8143759, 1559917133.5464334, 1559917133.6070333, 1559917133.6254287, 1559917133.6438763, 1559917133.6619298, 1559917133.6797178, 1559917133.6982656, 1559917133.715994, 1559917133.7334292, 1559917133.751103, 1559917133.768778, 1559917133.7873247, 1559917133.804975, 1559917133.8224926, 1559917133.8407006, 1559917133.8594298, 1559917133.8770382, 1559917133.8946207, 1559917133.912032, 1559917133.9304252, 1559917133.9481037, 1559917133.9655862, 1559917133.9830902, 1559917134.001597, 1559917134.0191631, 1559917134.0367296, 1559917134.0543427, 1559917134.0720568, 1559917134.090475, 1559917134.1082103, 1559917134.1256266, 1559917134.1439173, 1559917134.1615365, 1559917134.1789143, 1559917134.196506, 1559917134.2141154], "episode_lengths": [200, 200, 200, 200, 200, 200, 200, 200, 200, 200, 200, 200, 200, 200, 200, 200, 200, 200, 200, 200, 200, 200, 200, 200, 200, 200, 200, 200, 200, 200, 200, 200, 200, 200, 200, 200, 200, 200, 200, 200, 200, 200, 200, 200, 200, 200, 200, 200, 200, 200, 200, 200, 200, 200, 200, 200, 200, 200, 200, 200, 200, 200, 200, 200, 200, 200, 200, 200, 200, 200, 200, 200, 200, 200, 200, 200, 200, 200, 200, 200, 200, 200, 200, 200, 200, 200, 200, 200, 200, 200, 200, 200, 200, 200, 200, 200, 200, 200, 200, 200], "episode_rewards": [200.0, 200.0, 200.0, 200.0, 200.0, 200.0, 200.0, 200.0, 200.0, 200.0, 200.0, 200.0, 200.0, 200.0, 200.0, 200.0, 200.0, 200.0, 200.0, 200.0, 200.0, 200.0, 200.0, 200.0, 200.0, 200.0, 200.0, 200.0, 200.0, 200.0, 200.0, 200.0, 200.0, 200.0, 200.0, 200.0, 200.0, 200.0, 200.0, 200.0, 200.0, 200.0, 200.0, 200.0, 200.0, 200.0, 200.0, 200.0, 200.0, 200.0, 200.0, 200.0, 200.0, 200.0, 200.0, 200.0, 200.0, 200.0, 200.0, 200.0, 200.0, 200.0, 200.0, 200.0, 200.0, 200.0, 200.0, 200.0, 200.0, 200.0, 200.0, 200.0, 200.0, 200.0, 200.0, 200.0, 200.0, 200.0, 200.0, 200.0, 200.0, 200.0, 200.0, 200.0, 200.0, 200.0, 200.0, 200.0, 200.0, 200.0, 200.0, 200.0, 200.0, 200.0, 200.0, 200.0, 200.0, 200.0, 200.0, 200.0], "episode_types": ["t", "t", "t", "t", "t", "t", "t", "t", "t", "t", "t", "t", "t", "t", "t", "t", "t", "t", "t", "t", "t", "t", "t", "t", "t", "t", "t", "t", "t", "t", "t", "t", "t", "t", "t", "t", "t", "t", "t", "t", "t", "t", "t", "t", "t", "t", "t", "t", "t", "t", "t", "t", "t", "t", "t", "t", "t", "t", "t", "t", "t", "t", "t", "t", "t", "t", "t", "t", "t", "t", "t", "t", "t", "t", "t", "t", "t", "t", "t", "t", "t", "t", "t", "t", "t", "t", "t", "t", "t", "t", "t", "t", "t", "t", "t", "t", "t", "t", "t", "t"]}